revision,layer,auroc,optimal_threshold,sensitivity,specificity
step10000-tokens44B,1.0,0.38652499999999995,4.5366796874999995,0.0,1.0
step10000-tokens44B,2.0,0.579025,0.4853895742279148,0.235,0.92
step10000-tokens44B,3.0,0.6234249999999999,-1.2577311197916667,0.71,0.5800000000000001
step10000-tokens44B,4.0,0.4445,-0.0521654792156698,0.89,0.20999999999999996
step10000-tokens44B,5.0,0.40535000000000004,-0.9669591335213226,0.97,0.040000000000000036
step10000-tokens44B,6.0,0.34415,-0.639466954045795,0.975,0.03500000000000003
step10000-tokens44B,7.0,0.33535000000000004,-0.8562669941023284,0.99,0.025000000000000022
step10000-tokens44B,8.0,0.312525,2.973701127520858,0.0,1.0
step10000-tokens44B,9.0,0.295675,2.602267290521232,0.0,1.0
step10000-tokens44B,10.0,0.36679999999999996,1.1505168171672078,0.04,0.975
step10000-tokens44B,11.0,0.394,-0.745236053079518,0.925,0.11499999999999999
step10000-tokens44B,12.0,0.39725,-0.923525467347563,0.965,0.06000000000000005
step10000-tokens44B,13.0,0.41775000000000007,0.6946003567767828,0.16,0.9
step10000-tokens44B,14.0,0.446725,-1.3231657748092474,0.96,0.08999999999999997
step10000-tokens44B,15.0,0.4674250000000001,0.220216209010074,0.29,0.75
step10000-tokens44B,16.0,0.5035499999999999,0.0814231178977272,0.355,0.7
step10000-tokens44B,17.0,0.43210000000000004,-1.0923434549372564,0.96,0.10999999999999999
step10000-tokens44B,18.0,0.47580000000000006,-0.4481576145559117,0.825,0.28500000000000003
step10000-tokens44B,19.0,0.5568,-0.43701171875,0.83,0.33999999999999997
step10000-tokens44B,20.0,0.5173,-0.4013685395446005,0.81,0.31999999999999995
step10000-tokens44B,21.0,0.4397249999999999,-0.9570822010869564,0.96,0.08499999999999996
step10000-tokens44B,22.0,0.5325,0.3045654296875,0.405,0.735
step10000-tokens44B,23.0,0.545775,-0.2484847359035326,0.54,0.5800000000000001
step10000-tokens44B,24.0,0.543075,-0.0220540364583333,0.46,0.6699999999999999
step10000-tokens44B,25.0,0.57515,0.0652995862458881,0.435,0.76
step10000-tokens44B,26.0,0.573375,0.1505630379715816,0.36,0.765
step10000-tokens44B,27.0,0.5562,-0.0133330658988291,0.38,0.76
step10000-tokens44B,28.0,0.590975,-0.7546875,0.56,0.62
step10000-tokens44B,29.0,0.60955,-0.8612008684978972,0.61,0.645
step10000-tokens44B,30.0,0.5601499999999999,-0.364954546463391,0.405,0.765
step10000-tokens44B,31.0,0.63655,-0.1098836263020833,0.38,0.91
step11000-tokens49B,1.0,0.47155,1.3385823567708333,0.74,0.32499999999999996
step11000-tokens49B,2.0,0.605925,0.1453172550644985,0.87,0.29000000000000004
step11000-tokens49B,3.0,0.6615,-1.4637414913366336,0.745,0.525
step11000-tokens49B,4.0,0.648675,-1.016143798828125,0.935,0.30500000000000005
step11000-tokens49B,5.0,0.705925,-0.4755759848124386,0.665,0.6699999999999999
step11000-tokens49B,6.0,0.6555,0.0375899555527161,0.57,0.7
step11000-tokens49B,7.0,0.584425,-0.0247409626588983,0.66,0.515
step11000-tokens49B,8.0,0.49515,-0.965797601744186,0.89,0.18000000000000005
step11000-tokens49B,9.0,0.529325,-0.2260625930059523,0.57,0.585
step11000-tokens49B,10.0,0.503825,-1.143279044858871,0.905,0.17500000000000004
step11000-tokens49B,11.0,0.5724,-0.7264506022135416,0.82,0.35
step11000-tokens49B,12.0,0.54345,-0.5592348139974598,0.72,0.41500000000000004
step11000-tokens49B,13.0,0.48432500000000006,-1.0807407924107142,0.935,0.16500000000000004
step11000-tokens49B,14.0,0.518875,-1.1463929410110651,0.97,0.16000000000000003
step11000-tokens49B,15.0,0.557075,-0.2924676901046705,0.495,0.635
step11000-tokens49B,16.0,0.5453749999999999,-0.433868408203125,0.525,0.605
step11000-tokens49B,17.0,0.503875,-0.9440268420298163,0.905,0.22999999999999998
step11000-tokens49B,18.0,0.5502,-0.7780543197820216,0.9,0.245
step11000-tokens49B,19.0,0.560775,-0.859473962352109,0.96,0.19499999999999995
step11000-tokens49B,20.0,0.559475,-0.5330541027126028,0.685,0.43000000000000005
step11000-tokens49B,21.0,0.357825,-0.9179350951007592,0.935,0.15000000000000002
step11000-tokens49B,22.0,0.35437500000000005,-1.897937863372093,1.0,0.0050000000000000044
step11000-tokens49B,23.0,0.431975,0.1979166666666666,0.635,0.395
step11000-tokens49B,24.0,0.34097500000000003,-1.1576171875,0.975,0.04500000000000004
step11000-tokens49B,25.0,0.36340000000000006,-0.6731915051424051,0.92,0.12
step11000-tokens49B,26.0,0.340075,-0.7937711827895221,0.945,0.08999999999999997
step11000-tokens49B,27.0,0.36485,-1.5488131163550205,1.0,0.030000000000000027
step11000-tokens49B,28.0,0.336575,-1.6798485927894466,1.0,0.025000000000000022
step11000-tokens49B,29.0,0.39615,-0.0602576214334239,0.81,0.22999999999999998
step11000-tokens49B,30.0,0.360325,-1.730567725929054,0.98,0.050000000000000044
step11000-tokens49B,31.0,0.33365,-1.943421815571032,0.97,0.08999999999999997
step12000-tokens53B,1.0,0.4849,1.5461324703921178,0.46,0.62
step12000-tokens53B,2.0,0.654325,-0.2663809613483708,0.635,0.685
step12000-tokens53B,3.0,0.669325,-1.012890625,0.755,0.5900000000000001
step12000-tokens53B,4.0,0.6585000000000001,-0.6626510620117188,0.845,0.395
step12000-tokens53B,5.0,0.803775,-1.1339823404947915,0.805,0.7
step12000-tokens53B,6.0,0.713475,-0.034273389359595,0.415,0.9
step12000-tokens53B,7.0,0.6331500000000001,0.263259599793632,0.27,0.94
step12000-tokens53B,8.0,0.60085,-0.3537224663628472,0.565,0.625
step12000-tokens53B,9.0,0.6236999999999999,-0.4188985770089286,0.755,0.485
step12000-tokens53B,10.0,0.6763250000000001,-0.0661143427309782,0.485,0.8
step12000-tokens53B,11.0,0.63365,0.0244656675350592,0.445,0.815
step12000-tokens53B,12.0,0.65255,-0.1848617693699828,0.535,0.7150000000000001
step12000-tokens53B,13.0,0.5708500000000001,-0.0448811639030024,0.405,0.74
step12000-tokens53B,14.0,0.6177750000000001,-0.1565987723214285,0.52,0.685
step12000-tokens53B,15.0,0.61615,0.1004016804245283,0.315,0.9
step12000-tokens53B,16.0,0.624325,0.0909107063390031,0.29,0.9299999999999999
step12000-tokens53B,17.0,0.6371,0.1172650311444256,0.27,0.95
step12000-tokens53B,18.0,0.6478,-0.301225877844769,0.825,0.405
step12000-tokens53B,19.0,0.650175,0.3965477795334336,0.56,0.665
step12000-tokens53B,20.0,0.593875,0.5318125849184783,0.57,0.5900000000000001
step12000-tokens53B,21.0,0.49267500000000003,0.7394581330128205,0.63,0.44499999999999995
step12000-tokens53B,22.0,0.48137499999999994,1.1438210227272727,0.5,0.5700000000000001
step12000-tokens53B,23.0,0.4859,1.7381184895833333,0.285,0.77
step12000-tokens53B,24.0,0.43894999999999995,4.023247612847222,0.0,1.0
step12000-tokens53B,25.0,0.43355,4.337755926724138,0.0,1.0
step12000-tokens53B,26.0,0.421325,-0.146484375,0.915,0.08999999999999997
step12000-tokens53B,27.0,0.4468,4.5560546875,0.0,1.0
step12000-tokens53B,28.0,0.38222500000000004,5.551171875,0.0,1.0
step12000-tokens53B,29.0,0.394225,5.90546875,0.0,1.0
step12000-tokens53B,30.0,0.34505,5.861906828703703,0.0,1.0
step12000-tokens53B,31.0,0.401625,-0.968603073741516,1.0,0.030000000000000027
step13000-tokens58B,1.0,0.456075,0.5288963317871094,0.645,0.38
step13000-tokens58B,2.0,0.6279,-0.1890409395292207,0.625,0.6599999999999999
step13000-tokens58B,3.0,0.6044000000000002,-1.8415750558035715,0.705,0.5449999999999999
step13000-tokens58B,4.0,0.41037500000000005,-0.5573580994897959,0.815,0.245
step13000-tokens58B,5.0,0.601575,-0.7289311448188677,0.51,0.65
step13000-tokens58B,6.0,0.61115,-0.8082606947023883,0.83,0.355
step13000-tokens58B,7.0,0.5125500000000001,-0.5942943135245902,0.76,0.33499999999999996
step13000-tokens58B,8.0,0.5347500000000001,-0.6244259396114865,0.57,0.52
step13000-tokens58B,9.0,0.5882999999999999,-0.910191853841146,0.75,0.41000000000000003
step13000-tokens58B,10.0,0.624375,-0.7075260462385885,0.635,0.605
step13000-tokens58B,11.0,0.61005,-0.3167237115111255,0.45,0.75
step13000-tokens58B,12.0,0.621,-0.3285954173018293,0.475,0.8
step13000-tokens58B,13.0,0.604175,-0.3283380246629901,0.44,0.765
step13000-tokens58B,14.0,0.55435,-0.5236558552029766,0.6,0.53
step13000-tokens58B,15.0,0.577975,-0.5020237972861842,0.65,0.51
step13000-tokens58B,16.0,0.561925,-0.4781886213704159,0.705,0.46499999999999997
step13000-tokens58B,17.0,0.556875,-0.4596990575931342,0.78,0.36
step13000-tokens58B,18.0,0.5402,0.2849213805379746,0.305,0.795
step13000-tokens58B,19.0,0.46565,-0.3530158996582031,0.945,0.16500000000000004
step13000-tokens58B,20.0,0.50335,0.256103515625,0.245,0.81
step13000-tokens58B,21.0,0.290625,1.5113994891826923,0.035,0.99
step13000-tokens58B,22.0,0.315525,2.1410104851973686,0.01,1.0
step13000-tokens58B,23.0,0.3441,2.013316761363636,0.015,0.995
step13000-tokens58B,24.0,0.2843,2.43359375,0.015,0.99
step13000-tokens58B,25.0,0.320125,-1.0460476345486112,0.98,0.025000000000000022
step13000-tokens58B,26.0,0.33212499999999995,-0.6082112136160492,0.95,0.07999999999999996
step13000-tokens58B,27.0,0.3518,-0.8510114397321429,0.965,0.07499999999999996
step13000-tokens58B,28.0,0.306875,-1.043948446869091,0.985,0.040000000000000036
step13000-tokens58B,29.0,0.325625,-0.8779874182051155,0.985,0.040000000000000036
step13000-tokens58B,30.0,0.30015000000000003,-0.6770810358829349,0.965,0.09999999999999998
step13000-tokens58B,31.0,0.293725,-1.8220353036556605,0.98,0.11499999999999999
step14000-tokens62B,1.0,0.5859999999999999,0.4161785024130315,0.75,0.515
step14000-tokens62B,2.0,0.6940249999999999,-0.1487126426091269,0.59,0.775
step14000-tokens62B,3.0,0.5995249999999999,-0.6453103251840876,0.795,0.43000000000000005
step14000-tokens62B,4.0,0.60485,-0.2729798720288182,0.89,0.32499999999999996
step14000-tokens62B,5.0,0.71765,-0.6691785539899554,0.925,0.43500000000000005
step14000-tokens62B,6.0,0.6302249999999999,-0.1556288713076984,0.76,0.51
step14000-tokens62B,7.0,0.651325,0.0742464416905453,0.745,0.575
step14000-tokens62B,8.0,0.5448500000000001,-0.2927898195745114,0.79,0.405
step14000-tokens62B,9.0,0.53935,-0.1620118648746834,0.735,0.4
step14000-tokens62B,10.0,0.5057,-0.2489810276851271,0.725,0.35
step14000-tokens62B,11.0,0.5004500000000001,0.0737721789014208,0.665,0.43000000000000005
step14000-tokens62B,12.0,0.503,0.1934231677331215,0.545,0.5449999999999999
step14000-tokens62B,13.0,0.5429750000000001,0.1729436669467894,0.665,0.475
step14000-tokens62B,14.0,0.4488,-0.27276611328125,0.895,0.14500000000000002
step14000-tokens62B,15.0,0.540375,0.3111999722548305,0.705,0.47
step14000-tokens62B,16.0,0.563525,0.4649187054550439,0.515,0.64
step14000-tokens62B,17.0,0.5058750000000001,0.6265578881786215,0.395,0.685
step14000-tokens62B,18.0,0.48307500000000003,0.7714306640625,0.39,0.6699999999999999
step14000-tokens62B,19.0,0.49995,0.7585254559301055,0.43,0.635
step14000-tokens62B,20.0,0.490575,0.5286038485440341,0.57,0.49
step14000-tokens62B,21.0,0.36615000000000003,-0.292068193543632,0.945,0.07999999999999996
step14000-tokens62B,22.0,0.32462499999999994,2.6802419598182934,0.005,1.0
step14000-tokens62B,23.0,0.3294,4.760577766262755,0.0,1.0
step14000-tokens62B,24.0,0.281575,5.149055325255102,0.0,1.0
step14000-tokens62B,25.0,0.299175,5.4819435586734695,0.0,1.0
step14000-tokens62B,26.0,0.279175,5.232401945153061,0.0,1.0
step14000-tokens62B,27.0,0.27802499999999997,5.0025390625,0.0,1.0
step14000-tokens62B,28.0,0.27402499999999996,5.276331018518518,0.0,1.0
step14000-tokens62B,29.0,0.25822500000000004,6.0046875,0.0,1.0
step14000-tokens62B,30.0,0.243025,5.880859375,0.0,1.0
step14000-tokens62B,31.0,0.279925,8.286328125,0.0,1.0
step15000-tokens66B,1.0,0.49395,0.4158692662548242,0.675,0.42000000000000004
step15000-tokens66B,2.0,0.6262749999999999,-0.2805918100717905,0.68,0.615
step15000-tokens66B,3.0,0.537675,-2.001910542332849,0.545,0.62
step15000-tokens66B,4.0,0.4952,0.9731241861979166,0.155,0.95
step15000-tokens66B,5.0,0.5740750000000001,-0.3170316513270548,0.545,0.5900000000000001
step15000-tokens66B,6.0,0.5273749999999999,-0.4106605765745811,0.94,0.235
step15000-tokens66B,7.0,0.6012749999999999,-0.6669379042835496,0.96,0.22999999999999998
step15000-tokens66B,8.0,0.557025,-0.5576102120535714,0.93,0.29000000000000004
step15000-tokens66B,9.0,0.60775,-0.3091955850290697,0.905,0.375
step15000-tokens66B,10.0,0.6840499999999999,-0.3009880065917968,0.86,0.41500000000000004
step15000-tokens66B,11.0,0.6204999999999999,-0.0598964512905227,0.765,0.48
step15000-tokens66B,12.0,0.567175,-0.1561903211805555,0.79,0.355
step15000-tokens66B,13.0,0.565275,0.0740185197292835,0.74,0.405
step15000-tokens66B,14.0,0.492425,-0.3817505012951426,0.945,0.17000000000000004
step15000-tokens66B,15.0,0.5399499999999999,-0.2457139756944444,0.94,0.20499999999999996
step15000-tokens66B,16.0,0.545775,0.2232287176724137,0.75,0.41500000000000004
step15000-tokens66B,17.0,0.4983,-0.1257163599917763,0.91,0.20999999999999996
step15000-tokens66B,18.0,0.5069999999999999,0.0502506671565594,0.88,0.265
step15000-tokens66B,19.0,0.50945,0.0585033862621753,0.95,0.18000000000000005
step15000-tokens66B,20.0,0.40390000000000004,-0.2357166145421281,0.965,0.16000000000000003
step15000-tokens66B,21.0,0.407725,-0.3195600237165178,0.965,0.13
step15000-tokens66B,22.0,0.41755000000000003,-0.15972900390625,0.955,0.14500000000000002
step15000-tokens66B,23.0,0.42045000000000005,-0.0917588597958157,0.965,0.135
step15000-tokens66B,24.0,0.34235,-0.4299986580698807,0.975,0.06999999999999995
step15000-tokens66B,25.0,0.37702499999999994,-0.3492836400082237,0.98,0.06000000000000005
step15000-tokens66B,26.0,0.3889,-0.0800089613299503,0.965,0.10499999999999998
step15000-tokens66B,27.0,0.433875,-0.2515051293177505,0.98,0.11499999999999999
step15000-tokens66B,28.0,0.44079999999999997,-0.3050017404084158,0.96,0.06000000000000005
step15000-tokens66B,29.0,0.47724999999999995,0.7033878283554249,0.56,0.495
step15000-tokens66B,30.0,0.5232,-0.439453125,0.84,0.25
step15000-tokens66B,31.0,0.5767,-0.3527455647786458,0.775,0.395
step16000-tokens71B,1.0,0.5798249999999999,0.6601244884988536,0.545,0.655
step16000-tokens71B,2.0,0.6848249999999999,-0.0267670621576997,0.615,0.72
step16000-tokens71B,3.0,0.6251249999999999,-0.5434686851113003,0.8,0.43000000000000005
step16000-tokens71B,4.0,0.305675,2.2089147962516167,0.0,1.0
step16000-tokens71B,5.0,0.278325,2.408675321598643,0.0,1.0
step16000-tokens71B,6.0,0.33725000000000005,0.9038420376712328,0.115,0.89
step16000-tokens71B,7.0,0.297775,1.4445045231040974,0.02,0.985
step16000-tokens71B,8.0,0.24484999999999996,2.6650458441840277,0.0,1.0
step16000-tokens71B,9.0,0.265,2.669556837815505,0.0,1.0
step16000-tokens71B,10.0,0.24210000000000004,2.734361398274003,0.0,1.0
step16000-tokens71B,11.0,0.207375,3.279848451967593,0.0,1.0
step16000-tokens71B,12.0,0.24614999999999998,3.058636100924745,0.0,1.0
step16000-tokens71B,13.0,0.29019999999999996,3.0815330038265305,0.0,1.0
step16000-tokens71B,14.0,0.2586,3.4036591198979598,0.0,1.0
step16000-tokens71B,15.0,0.2622,3.3414281728316326,0.0,1.0
step16000-tokens71B,16.0,0.2973,3.2992267219387754,0.0,1.0
step16000-tokens71B,17.0,0.2915,3.626963089923469,0.0,1.0
step16000-tokens71B,18.0,0.28837500000000005,3.3347068319515305,0.0,1.0
step16000-tokens71B,19.0,0.358825,0.0488230387369791,0.94,0.10499999999999998
step16000-tokens71B,20.0,0.2827,-0.1771415548121675,0.91,0.14
step16000-tokens71B,21.0,0.23585,-0.3841663707386363,0.98,0.040000000000000036
step16000-tokens71B,22.0,0.2374,-0.438610148879717,0.98,0.03500000000000003
step16000-tokens71B,23.0,0.24159999999999998,5.932557397959184,0.0,1.0
step16000-tokens71B,24.0,0.19265000000000002,6.012276785714286,0.0,1.0
step16000-tokens71B,25.0,0.184325,6.07405931122449,0.0,1.0
step16000-tokens71B,26.0,0.196025,5.845065369897959,0.0,1.0
step16000-tokens71B,27.0,0.19267499999999999,5.297707071109694,0.0,1.0
step16000-tokens71B,28.0,0.17265,4.978067203443878,0.0,1.0
step16000-tokens71B,29.0,0.190725,4.6870216836734695,0.0,1.0
step16000-tokens71B,30.0,0.16782500000000003,5.085063733552632,0.0,1.0
step16000-tokens71B,31.0,0.20355,5.995334201388889,0.0,1.0
step17000-tokens75B,1.0,0.527425,0.4268774237514527,0.36,0.73
step17000-tokens75B,2.0,0.640425,-0.2933494022914341,0.51,0.8
step17000-tokens75B,3.0,0.568275,-2.0236031668526784,0.6,0.5900000000000001
step17000-tokens75B,4.0,0.44025000000000003,1.4348924424913194,0.075,0.98
step17000-tokens75B,5.0,0.63635,-0.3940265796802662,0.86,0.43999999999999995
step17000-tokens75B,6.0,0.482875,-0.6547813230796241,0.95,0.18999999999999995
step17000-tokens75B,7.0,0.44329999999999997,-0.4983869280133928,0.955,0.10499999999999998
step17000-tokens75B,8.0,0.35000000000000003,2.4292353877314814,0.0,1.0
step17000-tokens75B,9.0,0.34385,-1.0438343769795186,1.0,0.0050000000000000044
step17000-tokens75B,10.0,0.36092500000000005,-1.186554939516129,1.0,0.010000000000000009
step17000-tokens75B,11.0,0.3375,-1.0710817152454006,1.0,0.0050000000000000044
step17000-tokens75B,12.0,0.3155,-1.0354850522933468,1.0,0.0050000000000000044
step17000-tokens75B,13.0,0.3536,-0.8830046782622466,0.99,0.025000000000000022
step17000-tokens75B,14.0,0.28554999999999997,3.5130931712962963,0.0,1.0
step17000-tokens75B,15.0,0.260675,3.6613136574074074,0.0,1.0
step17000-tokens75B,16.0,0.323675,3.541594328703704,0.0,1.0
step17000-tokens75B,17.0,0.307475,3.2824797453703702,0.0,1.0
step17000-tokens75B,18.0,0.333275,-0.2054659329927884,0.94,0.09999999999999998
step17000-tokens75B,19.0,0.34715,-0.140255848566691,0.95,0.07499999999999996
step17000-tokens75B,20.0,0.290375,3.2902960526315788,0.0,1.0
step17000-tokens75B,21.0,0.22670000000000007,4.623766447368421,0.0,1.0
step17000-tokens75B,22.0,0.2164,4.798289385708896,0.0,1.0
step17000-tokens75B,23.0,0.235975,-0.2136180644132653,0.96,0.04500000000000004
step17000-tokens75B,24.0,0.195575,-0.6820866511418269,1.0,0.0050000000000000044
step17000-tokens75B,25.0,0.21515,5.557717063210228,0.0,1.0
step17000-tokens75B,26.0,0.2129,-0.3246971336570945,0.97,0.040000000000000036
step17000-tokens75B,27.0,0.22717500000000002,-0.6771769311969648,1.0,0.010000000000000009
step17000-tokens75B,28.0,0.20637500000000003,5.225020559210527,0.0,1.0
step17000-tokens75B,29.0,0.2439,-0.7896336344032805,1.0,0.010000000000000009
step17000-tokens75B,30.0,0.24705,4.915460759943182,0.0,1.0
step17000-tokens75B,31.0,0.3726,-0.6602038871951219,0.94,0.06499999999999995
step18000-tokens80B,1.0,0.4303,0.5699234008789062,0.63,0.38
step18000-tokens80B,2.0,0.5997000000000001,-0.0735507306524519,0.635,0.5900000000000001
step18000-tokens80B,3.0,0.4948500000000001,-0.3614587532846551,0.43,0.63
step18000-tokens80B,4.0,0.3,2.372133001725525,0.005,1.0
step18000-tokens80B,5.0,0.19355000000000003,3.574038394661837,0.0,1.0
step18000-tokens80B,6.0,0.277775,3.552279938098996,0.0,1.0
step18000-tokens80B,7.0,0.314525,2.9337884961944267,0.0,1.0
step18000-tokens80B,8.0,0.325375,3.1184987892392533,0.0,1.0
step18000-tokens80B,9.0,0.39117500000000005,3.2120369193480185,0.0,1.0
step18000-tokens80B,10.0,0.37690000000000007,-0.588623046875,0.97,0.03500000000000003
step18000-tokens80B,11.0,0.379775,-0.1334151735730991,0.765,0.26
step18000-tokens80B,12.0,0.44025,-0.2407018488103693,0.795,0.26
step18000-tokens80B,13.0,0.4233,-0.451055908203125,0.885,0.20499999999999996
step18000-tokens80B,14.0,0.34079999999999994,-1.08505859375,1.0,0.0050000000000000044
step18000-tokens80B,15.0,0.24267500000000003,2.632986050207638,0.0,1.0
step18000-tokens80B,16.0,0.28845,2.458408466820578,0.0,1.0
step18000-tokens80B,17.0,0.2324,2.5992776815173695,0.0,1.0
step18000-tokens80B,18.0,0.23690000000000003,2.6382711466076305,0.0,1.0
step18000-tokens80B,19.0,0.273175,2.672759269047709,0.0,1.0
step18000-tokens80B,20.0,0.166325,2.6001376793032787,0.0,1.0
step18000-tokens80B,21.0,0.23952500000000002,1.994586181640625,0.005,1.0
step18000-tokens80B,22.0,0.298725,-0.7242903799380896,0.97,0.040000000000000036
step18000-tokens80B,23.0,0.333525,-0.3315022786458333,0.91,0.12
step18000-tokens80B,24.0,0.256675,-0.7249055698939733,0.975,0.040000000000000036
step18000-tokens80B,25.0,0.29655,3.0439453125,0.0,1.0
step18000-tokens80B,26.0,0.3618,-0.5218580292492379,0.925,0.10499999999999998
step18000-tokens80B,27.0,0.3252,-0.6922052556818182,0.97,0.06999999999999995
step18000-tokens80B,28.0,0.278825,3.52568359375,0.0,1.0
step18000-tokens80B,29.0,0.329275,1.619371916118421,0.025,0.99
step18000-tokens80B,30.0,0.4074,1.5695713588169642,0.01,0.995
step18000-tokens80B,31.0,0.465275,-0.3860463460286458,0.795,0.26
step19000-tokens84B,1.0,0.5527374999999999,0.1501549829410601,0.74,0.405
step19000-tokens84B,2.0,0.40665000000000007,4.425480769230769,0.09,0.985
step19000-tokens84B,3.0,0.656275,-0.2875733986879006,0.65,0.645
step19000-tokens84B,4.0,0.4885,0.3768995331554878,0.73,0.39
step19000-tokens84B,5.0,0.2891,4.101431305875483,0.0,1.0
step19000-tokens84B,6.0,0.333625,3.6458630561828613,0.0,1.0
step19000-tokens84B,7.0,0.27807499999999996,2.7130436061583842,0.0,1.0
step19000-tokens84B,8.0,0.25075000000000003,2.6450402171341416,0.0,1.0
step19000-tokens84B,9.0,0.31010000000000004,2.7558399672360765,0.0,1.0
step19000-tokens84B,10.0,0.33687500000000004,2.57884300861162,0.0,1.0
step19000-tokens84B,11.0,0.31235,2.765914351851852,0.0,1.0
step19000-tokens84B,12.0,0.313675,2.653747715900854,0.0,1.0
step19000-tokens84B,13.0,0.318675,2.40869140625,0.0,1.0
step19000-tokens84B,14.0,0.27307499999999996,2.376140983737245,0.0,1.0
step19000-tokens84B,15.0,0.26110000000000005,2.378918049564282,0.0,1.0
step19000-tokens84B,16.0,0.3253,2.2384549115728767,0.0,1.0
step19000-tokens84B,17.0,0.339225,2.3785805215640945,0.0,1.0
step19000-tokens84B,18.0,0.296625,2.5055703922193877,0.0,1.0
step19000-tokens84B,19.0,0.32155,2.7382604854623067,0.0,1.0
step19000-tokens84B,20.0,0.187475,2.932297981891436,0.0,1.0
step19000-tokens84B,21.0,0.20525000000000002,3.8140714979663337,0.0,1.0
step19000-tokens84B,22.0,0.22937499999999997,3.9876154119318183,0.0,1.0
step19000-tokens84B,23.0,0.251875,4.509695151417526,0.0,1.0
step19000-tokens84B,24.0,0.216425,4.920967850030637,0.0,1.0
step19000-tokens84B,25.0,0.231425,5.26919615502451,0.0,1.0
step19000-tokens84B,26.0,0.23754999999999998,5.401008157169118,0.0,1.0
step19000-tokens84B,27.0,0.1964,5.41275084252451,0.0,1.0
step19000-tokens84B,28.0,0.194125,6.026920094209559,0.0,1.0
step19000-tokens84B,29.0,0.21152500000000005,5.670185163909314,0.0,1.0
step19000-tokens84B,30.0,0.20475,6.008540134803922,0.0,1.0
step19000-tokens84B,31.0,0.324925,7.711511948529412,0.0,1.0
step20000-tokens88B,1.0,0.478775,0.0516189507075718,0.825,0.255
step20000-tokens88B,2.0,0.652025,-0.0224012613296508,0.685,0.5900000000000001
step20000-tokens88B,3.0,0.5816250000000001,-2.1223901023327465,0.52,0.6950000000000001
step20000-tokens88B,4.0,0.44465,-0.2133603805661512,0.79,0.235
step20000-tokens88B,5.0,0.34857499999999997,3.0100377105003178,0.0,1.0
step20000-tokens88B,6.0,0.29675,2.801214479932598,0.0,1.0
step20000-tokens88B,7.0,0.312175,2.5737783394607847,0.0,1.0
step20000-tokens88B,8.0,0.22700000000000004,2.558896019345238,0.0,1.0
step20000-tokens88B,9.0,0.2283375,2.940697763480392,0.0,1.0
step20000-tokens88B,10.0,0.233925,3.0610830269607843,0.0,1.0
step20000-tokens88B,11.0,0.20177500000000004,3.2868795955882355,0.0,1.0
step20000-tokens88B,12.0,0.20484999999999998,3.314510569852941,0.0,1.0
step20000-tokens88B,13.0,0.2185,3.014656856142241,0.0,1.0
step20000-tokens88B,14.0,0.19734999999999997,3.092092476639093,0.0,1.0
step20000-tokens88B,15.0,0.20274999999999999,3.1553332270408165,0.0,1.0
step20000-tokens88B,16.0,0.2584,3.020766900510204,0.0,1.0
step20000-tokens88B,17.0,0.25655,3.008465202487245,0.0,1.0
step20000-tokens88B,18.0,0.250375,2.905701929209184,0.0,1.0
step20000-tokens88B,19.0,0.27775000000000005,2.8965035232843137,0.0,1.0
step20000-tokens88B,20.0,0.24695,2.557320389093137,0.0,1.0
step20000-tokens88B,21.0,0.284725,2.9426495587384256,0.0,1.0
step20000-tokens88B,22.0,0.2903,-0.5755859375,0.955,0.05500000000000005
step20000-tokens88B,23.0,0.294475,-0.6918668807691829,0.985,0.020000000000000018
step20000-tokens88B,24.0,0.23632499999999998,4.07689525462963,0.0,1.0
step20000-tokens88B,25.0,0.299725,4.111049107142858,0.0,1.0
step20000-tokens88B,26.0,0.2968,3.9812260841836733,0.0,1.0
step20000-tokens88B,27.0,0.30457500000000004,-0.561869884672619,0.975,0.04500000000000004
step20000-tokens88B,28.0,0.31025,-1.0145546621100363,0.995,0.010000000000000009
step20000-tokens88B,29.0,0.35072499999999995,-0.942378390366864,0.995,0.015000000000000013
step20000-tokens88B,30.0,0.3359,-0.7436003137807377,0.975,0.03500000000000003
step20000-tokens88B,31.0,0.4405000000000001,-1.276737097537879,0.97,0.05500000000000005
step21000-tokens93B,1.0,0.56855,0.0555648803710937,0.885,0.27
step21000-tokens93B,2.0,0.5596,-0.0404208708500516,0.925,0.22499999999999998
step21000-tokens93B,3.0,0.5372,-1.994088654470916,0.495,0.7
step21000-tokens93B,4.0,0.4319,-0.3364753723144531,0.82,0.19999999999999996
step21000-tokens93B,5.0,0.136325,2.8877096737132355,0.0,1.0
step21000-tokens93B,6.0,0.17115,2.8666800704656863,0.0,1.0
step21000-tokens93B,7.0,0.20257500000000003,2.3511125153186274,0.0,1.0
step21000-tokens93B,8.0,0.177025,2.6804531015175934,0.0,1.0
step21000-tokens93B,9.0,0.230125,2.6882238056464054,0.0,1.0
step21000-tokens93B,10.0,0.22885,2.990109911151961,0.0,1.0
step21000-tokens93B,11.0,0.24575,3.220918543198529,0.0,1.0
step21000-tokens93B,12.0,0.26832500000000004,3.6316300934436274,0.0,1.0
step21000-tokens93B,13.0,0.27115,3.686006433823529,0.0,1.0
step21000-tokens93B,14.0,0.2218,3.8474049287683822,0.0,1.0
step21000-tokens93B,15.0,0.1572,3.6884574142156863,0.0,1.0
step21000-tokens93B,16.0,0.15547499999999997,3.5842524509803924,0.0,1.0
step21000-tokens93B,17.0,0.17799999999999996,3.7003102022058822,0.0,1.0
step21000-tokens93B,18.0,0.1831,3.735485600490196,0.0,1.0
step21000-tokens93B,19.0,0.2676,3.7655340456495097,0.0,1.0
step21000-tokens93B,20.0,0.213675,3.6169912300857843,0.0,1.0
step21000-tokens93B,21.0,0.2321,3.646523868336397,0.0,1.0
step21000-tokens93B,22.0,0.25925000000000004,3.9580461090686274,0.0,1.0
step21000-tokens93B,23.0,0.244575,4.962105545343137,0.0,1.0
step21000-tokens93B,24.0,0.21535000000000004,5.377910539215686,0.0,1.0
step21000-tokens93B,25.0,0.23859999999999998,4.943167892156863,0.0,1.0
step21000-tokens93B,26.0,0.221825,-0.6943108974358975,0.995,0.010000000000000009
step21000-tokens93B,27.0,0.21850000000000003,4.871706495098039,0.0,1.0
step21000-tokens93B,28.0,0.1935,5.047281901041667,0.0,1.0
step21000-tokens93B,29.0,0.19310000000000002,4.473575367647059,0.0,1.0
step21000-tokens93B,30.0,0.20325000000000001,4.701631433823529,0.0,1.0
step21000-tokens93B,31.0,0.21630000000000002,4.867608762254902,0.0,1.0
step22000-tokens97B,1.0,0.48305,0.2110866970486111,0.565,0.505
step22000-tokens97B,2.0,0.656425,-0.0708776105914199,0.905,0.36
step22000-tokens97B,3.0,0.519775,-0.0454263880327481,0.375,0.755
step22000-tokens97B,4.0,0.4098,1.7003487920373437,0.005,1.0
step22000-tokens97B,5.0,0.17015000000000002,3.203561012660908,0.005,1.0
step22000-tokens97B,6.0,0.11964999999999999,2.596090838838076,0.005,1.0
step22000-tokens97B,7.0,0.10652500000000001,2.308377294359492,0.005,1.0
step22000-tokens97B,8.0,0.1551,2.1638530948297765,0.005,1.0
step22000-tokens97B,9.0,0.1346,3.24847292432598,0.0,1.0
step22000-tokens97B,10.0,0.15635,3.152597464767157,0.0,1.0
step22000-tokens97B,11.0,0.156275,3.2109375,0.0,1.0
step22000-tokens97B,12.0,0.18225,3.005859375,0.0,1.0
step22000-tokens97B,13.0,0.174575,2.98519837622549,0.0,1.0
step22000-tokens97B,14.0,0.16512500000000005,3.05197262069554,0.0,1.0
step22000-tokens97B,15.0,0.11810000000000002,2.929102555062007,0.0,1.0
step22000-tokens97B,16.0,0.1423,2.5471664910177587,0.0,1.0
step22000-tokens97B,17.0,0.14525,2.42410774601316,0.0,1.0
step22000-tokens97B,18.0,0.13355000000000003,2.4330426384420956,0.0,1.0
step22000-tokens97B,19.0,0.15485000000000002,2.6035874310661766,0.0,1.0
step22000-tokens97B,20.0,0.11617500000000003,2.53482421875,0.0,1.0
step22000-tokens97B,21.0,0.13779999999999998,3.0235595703125,0.0,1.0
step22000-tokens97B,22.0,0.20289999999999997,3.381961398654514,0.0,1.0
step22000-tokens97B,23.0,0.223475,4.055453431372549,0.0,1.0
step22000-tokens97B,24.0,0.2465,4.468290441176471,0.0,1.0
step22000-tokens97B,25.0,0.265025,1.978842400509221,0.08,0.9299999999999999
step22000-tokens97B,26.0,0.2624,4.136019837622549,0.0,1.0
step22000-tokens97B,27.0,0.26454999999999995,3.913717830882353,0.0,1.0
step22000-tokens97B,28.0,0.30705000000000005,1.6729835418015977,0.125,0.885
step22000-tokens97B,29.0,0.36097500000000005,-0.826956084280303,0.995,0.010000000000000009
step22000-tokens97B,30.0,0.3363,3.445599512751369,0.0,1.0
step22000-tokens97B,31.0,0.38317500000000004,1.5343824483580508,0.115,0.895
step23000-tokens102B,1.0,0.43612499999999993,9.5,0.17,0.915
step23000-tokens102B,2.0,0.404075,4.83203125,0.115,0.97
step23000-tokens102B,3.0,0.51175,-0.1263181898328993,0.615,0.475
step23000-tokens102B,4.0,0.4385,-0.2337570190429687,0.485,0.53
step23000-tokens102B,5.0,0.152525,3.2010476957491742,0.005,1.0
step23000-tokens102B,6.0,0.20460000000000003,2.575428122750466,0.005,1.0
step23000-tokens102B,7.0,0.24667500000000003,2.382399153257127,0.005,1.0
step23000-tokens102B,8.0,0.217175,2.089875239343824,0.005,1.0
step23000-tokens102B,9.0,0.2026,2.16564478266853,0.005,1.0
step23000-tokens102B,10.0,0.2144,2.117821339346206,0.005,1.0
step23000-tokens102B,11.0,0.24582500000000002,2.0700561192623645,0.005,1.0
step23000-tokens102B,12.0,0.245225,1.761130562965786,0.005,1.0
step23000-tokens102B,13.0,0.249775,1.5131821257635183,0.005,1.0
step23000-tokens102B,14.0,0.24747500000000003,2.19681149437314,0.0,1.0
step23000-tokens102B,15.0,0.24479999999999996,1.2609661071281122,0.005,1.0
step23000-tokens102B,16.0,0.22845000000000001,1.2636208056111322,0.005,1.0
step23000-tokens102B,17.0,0.211925,2.2281585989646544,0.0,1.0
step23000-tokens102B,18.0,0.167725,2.2983186141304346,0.0,1.0
step23000-tokens102B,19.0,0.2083,2.7224227241847827,0.0,1.0
step23000-tokens102B,20.0,0.204875,2.5283203125,0.0,1.0
step23000-tokens102B,21.0,0.38170000000000004,2.472078022203947,0.0,1.0
step23000-tokens102B,22.0,0.5359,-0.0661632626555686,0.675,0.45999999999999996
step23000-tokens102B,23.0,0.582475,0.1099216388156442,0.575,0.615
step23000-tokens102B,24.0,0.563875,0.0151324728260869,0.75,0.41000000000000003
step23000-tokens102B,25.0,0.5830250000000001,-0.0104105976791979,0.665,0.505
step23000-tokens102B,26.0,0.60405,0.2149742974175347,0.5,0.7150000000000001
step23000-tokens102B,27.0,0.594025,0.2983588720027637,0.375,0.825
step23000-tokens102B,28.0,0.553975,0.3360610576944614,0.465,0.73
step23000-tokens102B,29.0,0.593175,0.2743011561061437,0.515,0.7150000000000001
step23000-tokens102B,30.0,0.6089,0.1195997155230978,0.6,0.635
step23000-tokens102B,31.0,0.6711000000000001,0.1605762300037202,0.55,0.815
step24000-tokens106B,1.0,0.5505,-0.0086774560320119,0.545,0.5900000000000001
step24000-tokens106B,2.0,0.512675,-0.1363703744453296,0.69,0.46499999999999997
step24000-tokens106B,3.0,0.513625,-0.1834486002064032,0.63,0.495
step24000-tokens106B,4.0,0.42700000000000005,-0.8922433292164522,0.375,0.63
step24000-tokens106B,5.0,0.16755,2.2085771431444785,0.005,1.0
step24000-tokens106B,6.0,0.16015000000000001,2.7388517418686225,0.0,1.0
step24000-tokens106B,7.0,0.21845,2.475992838541667,0.0,1.0
step24000-tokens106B,8.0,0.19119999999999998,2.7059849330357144,0.0,1.0
step24000-tokens106B,9.0,0.14515000000000003,2.7381475539434526,0.0,1.0
step24000-tokens106B,10.0,0.09802500000000001,2.995035807291667,0.0,1.0
step24000-tokens106B,11.0,0.09727500000000001,2.659259406887755,0.0,1.0
step24000-tokens106B,12.0,0.14257500000000004,2.821104711415816,0.0,1.0
step24000-tokens106B,13.0,0.126425,2.6572963169642856,0.0,1.0
step24000-tokens106B,14.0,0.17440000000000003,2.7796221363301177,0.0,1.0
step24000-tokens106B,15.0,0.17220000000000002,2.689130510602679,0.0,1.0
step24000-tokens106B,16.0,0.196075,2.434375996492347,0.0,1.0
step24000-tokens106B,17.0,0.178725,2.5450165417729593,0.0,1.0
step24000-tokens106B,18.0,0.16005000000000003,2.501141215479651,0.0,1.0
step24000-tokens106B,19.0,0.28317499999999995,2.2698336870242386,0.0,1.0
step24000-tokens106B,20.0,0.30527499999999996,2.3841441761363633,0.0,1.0
step24000-tokens106B,21.0,0.307375,-0.1766862550189503,0.98,0.04500000000000004
step24000-tokens106B,22.0,0.439625,-0.8090402456430289,0.99,0.06999999999999995
step24000-tokens106B,23.0,0.49175,-0.1843914835076583,0.815,0.27
step24000-tokens106B,24.0,0.585125,0.0770565389573743,0.56,0.655
step24000-tokens106B,25.0,0.5607,0.017007266773897,0.635,0.515
step24000-tokens106B,26.0,0.544025,0.1504570141173245,0.36,0.75
step24000-tokens106B,27.0,0.5825,0.1001657433092975,0.465,0.72
step24000-tokens106B,28.0,0.477675,0.6387689052483975,0.175,0.895
step24000-tokens106B,29.0,0.48714999999999997,1.356742240287162,0.095,0.995
step24000-tokens106B,30.0,0.515025,0.0207240456028988,0.69,0.41000000000000003
step24000-tokens106B,31.0,0.439,-1.3254524997591106,0.98,0.07999999999999996
step25000-tokens111B,1.0,0.5077,0.0026428904919337,0.805,0.26
step25000-tokens111B,2.0,0.40102499999999996,5.163411458333333,0.095,0.965
step25000-tokens111B,3.0,0.43312500000000004,-0.0848199548855633,0.725,0.28500000000000003
step25000-tokens111B,4.0,0.32237499999999997,1.4893266217818428,0.005,1.0
step25000-tokens111B,5.0,0.24275,1.834793876503218,0.005,1.0
step25000-tokens111B,6.0,0.34034999999999993,-0.8818766276041666,1.0,0.0050000000000000044
step25000-tokens111B,7.0,0.39680000000000004,-0.017096155145195,0.14,0.895
step25000-tokens111B,8.0,0.4257500000000001,-1.1627939206744553,0.97,0.05500000000000005
step25000-tokens111B,9.0,0.42522499999999996,-1.045813896242252,0.96,0.07499999999999996
step25000-tokens111B,10.0,0.352975,-1.1458141850490196,0.995,0.020000000000000018
step25000-tokens111B,11.0,0.2898,-0.8998622931759578,0.985,0.025000000000000022
step25000-tokens111B,12.0,0.37865000000000004,-0.8937817950581395,0.98,0.040000000000000036
step25000-tokens111B,13.0,0.374325,-0.9448980287063954,0.985,0.030000000000000027
step25000-tokens111B,14.0,0.39825,-0.916015625,0.985,0.030000000000000027
step25000-tokens111B,15.0,0.4183,-0.6781819661458334,0.97,0.040000000000000036
step25000-tokens111B,16.0,0.46985,0.0067548249897203,0.395,0.65
step25000-tokens111B,17.0,0.48839999999999995,-0.4740074872970581,0.95,0.135
step25000-tokens111B,18.0,0.519125,0.0593571180707952,0.355,0.76
step25000-tokens111B,19.0,0.58925,0.0994088423879523,0.405,0.825
step25000-tokens111B,20.0,0.6068,0.0275848190505783,0.39,0.825
step25000-tokens111B,21.0,0.6573,0.0822366785120081,0.5,0.77
step25000-tokens111B,22.0,0.6011,0.054852639954922,0.54,0.655
step25000-tokens111B,23.0,0.5413250000000001,0.33502197265625,0.45,0.7
step25000-tokens111B,24.0,0.518325,0.7418239660430372,0.285,0.845
step25000-tokens111B,25.0,0.493875,0.7605028339460784,0.3,0.8200000000000001
step25000-tokens111B,26.0,0.443225,0.5983690283764368,0.37,0.665
step25000-tokens111B,27.0,0.438725,0.7450069991531075,0.275,0.745
step25000-tokens111B,28.0,0.434925,-0.7884540860615079,0.995,0.030000000000000027
step25000-tokens111B,29.0,0.533525,-0.1158786349826389,0.68,0.44499999999999995
step25000-tokens111B,30.0,0.63505,-0.5108761671112805,0.875,0.4
step25000-tokens111B,31.0,0.5999000000000001,-0.2291015625,0.63,0.53
step26000-tokens115B,1.0,0.5570250000000001,0.0005555764222756,0.355,0.77
step26000-tokens115B,2.0,0.5317749999999999,-0.1244690084011755,0.495,0.625
step26000-tokens115B,3.0,0.5168,-0.2202914953231811,0.585,0.525
step26000-tokens115B,4.0,0.46485,-0.905658721923828,0.63,0.44999999999999996
step26000-tokens115B,5.0,0.17462500000000003,1.921119421155149,0.005,1.0
step26000-tokens115B,6.0,0.21892499999999998,1.035547271976626,0.005,1.0
step26000-tokens115B,7.0,0.2482,1.8142961774553572,0.0,1.0
step26000-tokens115B,8.0,0.257525,1.7698898315429688,0.0,1.0
step26000-tokens115B,9.0,0.277725,-1.054091994826858,0.98,0.025000000000000022
step26000-tokens115B,10.0,0.265725,1.614230273925152,0.0,1.0
step26000-tokens115B,11.0,0.21725000000000003,1.6951571377840908,0.0,1.0
step26000-tokens115B,12.0,0.17845,1.6516636439732144,0.0,1.0
step26000-tokens115B,13.0,0.1475,1.7452233355978262,0.0,1.0
step26000-tokens115B,14.0,0.12090000000000001,2.042429070723684,0.0,1.0
step26000-tokens115B,15.0,0.11365,2.059555901421441,0.0,1.0
step26000-tokens115B,16.0,0.15347499999999997,2.0931328667534723,0.0,1.0
step26000-tokens115B,17.0,0.13624999999999998,2.0513237847222223,0.0,1.0
step26000-tokens115B,18.0,0.1931,2.0080023871527777,0.0,1.0
step26000-tokens115B,19.0,0.308775,2.2305162217881946,0.0,1.0
step26000-tokens115B,20.0,0.351125,-0.5264728825266768,1.0,0.0050000000000000044
step26000-tokens115B,21.0,0.4094,2.5742964311079546,0.0,1.0
step26000-tokens115B,22.0,0.43837500000000007,-0.2975593782492736,0.945,0.06999999999999995
step26000-tokens115B,23.0,0.468425,0.6494140625,0.255,0.76
step26000-tokens115B,24.0,0.45087499999999997,0.2059535980224609,0.6,0.41000000000000003
step26000-tokens115B,25.0,0.497325,0.2725067138671875,0.63,0.43500000000000005
step26000-tokens115B,26.0,0.5058499999999999,0.2547047508599706,0.685,0.385
step26000-tokens115B,27.0,0.487375,0.0619477924547697,0.775,0.29000000000000004
step26000-tokens115B,28.0,0.4366,3.134022105823864,0.0,1.0
step26000-tokens115B,29.0,0.5046499999999999,0.1384855988737824,0.69,0.405
step26000-tokens115B,30.0,0.57965,0.5581101043314873,0.44,0.7150000000000001
step26000-tokens115B,31.0,0.5714999999999999,0.0554355857113899,0.67,0.485
step27000-tokens119B,1.0,0.440825,10.041666666666666,0.225,0.91
step27000-tokens119B,2.0,0.5725250000000001,-0.147005503988031,0.535,0.65
step27000-tokens119B,3.0,0.654975,-0.1692294761782787,0.63,0.675
step27000-tokens119B,4.0,0.37807500000000005,0.7581502609459688,0.005,1.0
step27000-tokens119B,5.0,0.20235,2.458109276727609,0.005,1.0
step27000-tokens119B,6.0,0.1835,1.853374905056424,0.005,1.0
step27000-tokens119B,7.0,0.1914,-1.0572339878525845,1.0,0.015000000000000013
step27000-tokens119B,8.0,0.23302499999999998,-0.7584217616489956,0.985,0.03500000000000003
step27000-tokens119B,9.0,0.24322500000000002,-0.6570601029829546,0.985,0.03500000000000003
step27000-tokens119B,10.0,0.249775,-0.701356179373605,0.995,0.015000000000000013
step27000-tokens119B,11.0,0.23015000000000002,-0.62353515625,0.985,0.025000000000000022
step27000-tokens119B,12.0,0.23475000000000001,-0.5831213662790697,0.985,0.020000000000000018
step27000-tokens119B,13.0,0.19000000000000003,2.196596631816789,0.0,1.0
step27000-tokens119B,14.0,0.153925,2.254296396292892,0.0,1.0
step27000-tokens119B,15.0,0.15435000000000001,2.263858570772059,0.0,1.0
step27000-tokens119B,16.0,0.155225,2.2865016206781914,0.0,1.0
step27000-tokens119B,17.0,0.14395,2.244130914861506,0.0,1.0
step27000-tokens119B,18.0,0.155225,-0.5924072265625,1.0,0.0050000000000000044
step27000-tokens119B,19.0,0.175875,2.203561883223684,0.0,1.0
step27000-tokens119B,20.0,0.19235000000000002,2.2590402456430287,0.0,1.0
step27000-tokens119B,21.0,0.263,2.5787411644345237,0.0,1.0
step27000-tokens119B,22.0,0.3345,-0.8123531634990986,1.0,0.0050000000000000044
step27000-tokens119B,23.0,0.33004999999999995,2.9180070465686274,0.0,1.0
step27000-tokens119B,24.0,0.311775,2.7667978324142153,0.0,1.0
step27000-tokens119B,25.0,0.30622499999999997,2.3732479319852944,0.0,1.0
step27000-tokens119B,26.0,0.308375,2.5851332720588234,0.0,1.0
step27000-tokens119B,27.0,0.3159,2.690295649509804,0.0,1.0
step27000-tokens119B,28.0,0.2913,2.954924858940972,0.0,1.0
step27000-tokens119B,29.0,0.29032499999999994,3.056510416666667,0.0,1.0
step27000-tokens119B,30.0,0.42435,-0.0759340688722943,0.875,0.18500000000000005
step27000-tokens119B,31.0,0.42650000000000005,3.296028645833333,0.0,1.0
step28000-tokens124B,1.0,0.4623875,6.004006410256411,0.225,0.885
step28000-tokens124B,2.0,0.52275,0.0578689938499814,0.395,0.71
step28000-tokens124B,3.0,0.56065,-1.7642032398897058,0.505,0.675
step28000-tokens124B,4.0,0.476,-0.1807721695809994,0.715,0.36
step28000-tokens124B,5.0,0.305025,-0.084503173828125,1.0,0.015000000000000013
step28000-tokens124B,6.0,0.2874,1.285955255681818,0.005,1.0
step28000-tokens124B,7.0,0.2853,1.0239188755107766,0.015,0.99
step28000-tokens124B,8.0,0.234775,0.8695439877717391,0.03,0.975
step28000-tokens124B,9.0,0.23065000000000002,0.9836798199152542,0.005,1.0
step28000-tokens124B,10.0,0.20302499999999998,1.1968601032838984,0.01,1.0
step28000-tokens124B,11.0,0.20579999999999998,1.2116264731197033,0.01,1.0
step28000-tokens124B,12.0,0.22365,0.8910293579101562,0.02,0.995
step28000-tokens124B,13.0,0.20312500000000003,-0.5726595791903409,1.0,0.015000000000000013
step28000-tokens124B,14.0,0.23175,1.1202247748940677,0.01,1.0
step28000-tokens124B,15.0,0.25680000000000003,1.1978180983970903,0.005,1.0
step28000-tokens124B,16.0,0.31665,-0.3154568142361111,0.97,0.05500000000000005
step28000-tokens124B,17.0,0.28637500000000005,-0.2674531754082512,0.95,0.06000000000000005
step28000-tokens124B,18.0,0.24290000000000003,-0.2026466163429054,0.955,0.06000000000000005
step28000-tokens124B,19.0,0.25902499999999995,2.523417570153061,0.0,1.0
step28000-tokens124B,20.0,0.223075,0.9985806695346174,0.02,0.99
step28000-tokens124B,21.0,0.316275,-0.2703794282058189,0.995,0.015000000000000013
step28000-tokens124B,22.0,0.365925,-0.6234315814393939,1.0,0.010000000000000009
step28000-tokens124B,23.0,0.48850000000000005,-0.3481421655462693,0.84,0.21499999999999997
step28000-tokens124B,24.0,0.5054625,-0.1769593253968254,0.825,0.255
step28000-tokens124B,25.0,0.48750000000000004,-0.4120526380941901,0.96,0.15000000000000002
step28000-tokens124B,26.0,0.595275,-0.1308989721881456,0.66,0.5700000000000001
step28000-tokens124B,27.0,0.564125,-0.1789228474191212,0.685,0.485
step28000-tokens124B,28.0,0.50425,-0.2651249663035075,0.82,0.265
step28000-tokens124B,29.0,0.59915,-0.1362356567382812,0.68,0.56
step28000-tokens124B,30.0,0.645825,-0.3454713033973624,0.76,0.515
step28000-tokens124B,31.0,0.653975,-0.635556349113806,0.655,0.615
step29000-tokens128B,1.0,0.4819875,5.767045454545454,0.275,0.87
step29000-tokens128B,2.0,0.600525,-0.131627097058652,0.555,0.625
step29000-tokens128B,3.0,0.368575,1.5653866038602942,0.0,1.0
step29000-tokens128B,4.0,0.377575,0.2875158431682181,0.98,0.050000000000000044
step29000-tokens128B,5.0,0.19945,2.69091796875,0.0,1.0
step29000-tokens128B,6.0,0.29674999999999996,1.483331418504902,0.0,1.0
step29000-tokens128B,7.0,0.34685000000000005,-1.0056754870292468,1.0,0.0050000000000000044
step29000-tokens128B,8.0,0.4496,-0.3789982133816727,0.465,0.55
step29000-tokens128B,9.0,0.46495000000000003,0.0675695913809317,0.165,0.89
step29000-tokens128B,10.0,0.4852,-0.2995675975693269,0.56,0.505
step29000-tokens128B,11.0,0.4796750000000001,-0.3689122456903896,0.63,0.41000000000000003
step29000-tokens128B,12.0,0.47745000000000004,-0.413736266111318,0.695,0.365
step29000-tokens128B,13.0,0.40802499999999997,-1.1240201795775058,1.0,0.0050000000000000044
step29000-tokens128B,14.0,0.39525,-1.0436017071759258,1.0,0.0050000000000000044
step29000-tokens128B,15.0,0.35885,-0.7849645370092148,1.0,0.0050000000000000044
step29000-tokens128B,16.0,0.356575,-0.7825176532451923,1.0,0.0050000000000000044
step29000-tokens128B,17.0,0.369425,-0.6319456211787717,0.985,0.030000000000000027
step29000-tokens128B,18.0,0.37860000000000005,-0.5971988135146351,0.995,0.03500000000000003
step29000-tokens128B,19.0,0.42535,-0.362823622567313,0.98,0.14
step29000-tokens128B,20.0,0.40402499999999997,-0.3892405755356779,0.975,0.125
step29000-tokens128B,21.0,0.448575,-0.1792805989583333,0.935,0.12
step29000-tokens128B,22.0,0.508,0.1381380208333333,0.4,0.655
step29000-tokens128B,23.0,0.5097250000000001,0.0291171603732638,0.48,0.5900000000000001
step29000-tokens128B,24.0,0.45262500000000006,-0.7366875542534722,0.995,0.03500000000000003
step29000-tokens128B,25.0,0.515225,-0.2126443552416424,0.685,0.41000000000000003
step29000-tokens128B,26.0,0.5815,-0.0831257559004284,0.555,0.5900000000000001
step29000-tokens128B,27.0,0.55165,-0.0270627945188492,0.5,0.63
step29000-tokens128B,28.0,0.432225,-0.2954751937115779,0.84,0.19499999999999995
step29000-tokens128B,29.0,0.48360000000000003,-0.3907385932074653,0.96,0.135
step29000-tokens128B,30.0,0.56665,-0.4732964409722222,0.9,0.245
step29000-tokens128B,31.0,0.62805,-0.7957611083984375,0.83,0.42500000000000004
step30000-tokens133B,1.0,0.4951375,6.0344827586206895,0.295,0.88
step30000-tokens133B,2.0,0.63915,-0.0903377139111184,0.515,0.765
step30000-tokens133B,3.0,0.4032,2.4682074652777777,0.19,0.94
step30000-tokens133B,4.0,0.5451250000000001,-0.9081965266047296,0.635,0.515
step30000-tokens133B,5.0,0.4391,1.9706099065888463,0.0,1.0
step30000-tokens133B,6.0,0.51795,0.0602889463125941,0.265,0.825
step30000-tokens133B,7.0,0.60575,-0.1361923217773437,0.34,0.87
step30000-tokens133B,8.0,0.60755,-0.1509353838468853,0.51,0.78
step30000-tokens133B,9.0,0.6077750000000001,-0.1280282064137725,0.485,0.78
step30000-tokens133B,10.0,0.5790500000000001,-0.1613108155074392,0.56,0.64
step30000-tokens133B,11.0,0.567875,-0.2376324688946759,0.645,0.515
step30000-tokens133B,12.0,0.501475,-0.042938232421875,0.495,0.585
step30000-tokens133B,13.0,0.43905,-0.4069046020507812,0.965,0.06000000000000005
step30000-tokens133B,14.0,0.357225,0.728191625292056,0.005,1.0
step30000-tokens133B,15.0,0.295175,0.746677204713983,0.005,1.0
step30000-tokens133B,16.0,0.37422500000000003,-0.2646405619959677,0.95,0.06000000000000005
step30000-tokens133B,17.0,0.32994999999999997,-0.4665903468040903,0.99,0.025000000000000022
step30000-tokens133B,18.0,0.342275,-0.3655554990637279,0.98,0.09499999999999997
step30000-tokens133B,19.0,0.33775,-0.1176582178394594,0.9,0.17500000000000004
step30000-tokens133B,20.0,0.330575,-0.3499688042534722,0.975,0.10499999999999998
step30000-tokens133B,21.0,0.485025,-0.3036843906104786,0.98,0.14500000000000002
step30000-tokens133B,22.0,0.6586250000000001,0.0304904513888888,0.39,0.865
step30000-tokens133B,23.0,0.681775,-0.0788778329824472,0.405,0.865
step30000-tokens133B,24.0,0.71985,-0.3621795689948251,0.585,0.795
step30000-tokens133B,25.0,0.71475,-0.4688972024356617,0.58,0.785
step30000-tokens133B,26.0,0.7537,-0.4919496541658136,0.67,0.765
step30000-tokens133B,27.0,0.726075,-0.2815207264906058,0.545,0.815
step30000-tokens133B,28.0,0.6644749999999999,-0.0476967416158536,0.435,0.87
step30000-tokens133B,29.0,0.5913999999999999,0.405856770314988,0.395,0.8200000000000001
step30000-tokens133B,30.0,0.6347250000000001,0.6305975011877112,0.33,0.95
step30000-tokens133B,31.0,0.64285,0.2369475152082504,0.32,0.91
step31000-tokens137B,1.0,0.623825,0.0321697133486388,0.495,0.7050000000000001
step31000-tokens137B,2.0,0.61375,0.0100284009366422,0.355,0.87
step31000-tokens137B,3.0,0.409975,1.3376117781096812,0.0,1.0
step31000-tokens137B,4.0,0.43362500000000004,-0.7203788929934954,0.555,0.475
step31000-tokens137B,5.0,0.383475,-0.2616437676984464,0.1,0.915
step31000-tokens137B,6.0,0.43825000000000003,-1.2521277947154472,0.9,0.10999999999999999
step31000-tokens137B,7.0,0.469375,0.0013519001898364,0.06,0.98
step31000-tokens137B,8.0,0.47682500000000005,-0.3236900778377757,0.48,0.565
step31000-tokens137B,9.0,0.51015,-0.3514806847823293,0.535,0.54
step31000-tokens137B,10.0,0.48039999999999994,-0.2259911277077415,0.64,0.42000000000000004
step31000-tokens137B,11.0,0.468775,-0.6055074470997761,0.98,0.030000000000000027
step31000-tokens137B,12.0,0.4871,-0.3085175504344242,0.78,0.275
step31000-tokens137B,13.0,0.44472500000000004,-0.5752849469866071,0.955,0.05500000000000005
step31000-tokens137B,14.0,0.432175,-0.5717225027556466,0.955,0.07499999999999996
step31000-tokens137B,15.0,0.38595,-0.5241441632261371,0.965,0.04500000000000004
step31000-tokens137B,16.0,0.3594,-0.4216189500762195,0.96,0.10999999999999999
step31000-tokens137B,17.0,0.36577499999999996,-0.542189888332201,0.975,0.09499999999999997
step31000-tokens137B,18.0,0.322775,-0.4453548855251736,0.96,0.08499999999999996
step31000-tokens137B,19.0,0.35327499999999995,-0.3630608269756702,0.9,0.13
step31000-tokens137B,20.0,0.3092,0.9339599609375,0.01,1.0
step31000-tokens137B,21.0,0.36782499999999996,-0.4373115373292789,0.98,0.030000000000000027
step31000-tokens137B,22.0,0.43474999999999997,-0.4030093544407894,0.875,0.17500000000000004
step31000-tokens137B,23.0,0.4686,-0.6505183070159155,0.9,0.14
step31000-tokens137B,24.0,0.4812250000000001,-0.6910088084568488,0.91,0.14500000000000002
step31000-tokens137B,25.0,0.427875,-0.9514729289265422,0.98,0.03500000000000003
step31000-tokens137B,26.0,0.52655,-0.4332420335944246,0.715,0.38
step31000-tokens137B,27.0,0.502775,-0.1278143419538225,0.595,0.485
step31000-tokens137B,28.0,0.443875,1.0297433953536184,0.035,0.975
step31000-tokens137B,29.0,0.48992499999999994,0.1656796409970238,0.455,0.61
step31000-tokens137B,30.0,0.5532250000000001,0.127685546875,0.515,0.6599999999999999
step31000-tokens137B,31.0,0.43842499999999995,0.3957632452079874,0.26,0.75
step32000-tokens142B,1.0,0.5482750000000001,-0.0361401220286114,0.925,0.25
step32000-tokens142B,2.0,0.595775,-0.156828138563368,0.7,0.48
step32000-tokens142B,3.0,0.48827499999999996,-0.0065550804138183,0.745,0.375
step32000-tokens142B,4.0,0.49462500000000004,-0.1955380826383023,0.92,0.16000000000000003
step32000-tokens142B,5.0,0.6809749999999999,-0.1060986425577565,0.735,0.5349999999999999
step32000-tokens142B,6.0,0.702975,-0.0816778735110634,0.845,0.515
step32000-tokens142B,7.0,0.6451250000000001,0.0890074322220919,0.455,0.765
step32000-tokens142B,8.0,0.6372,-0.0235343346228966,0.795,0.43500000000000005
step32000-tokens142B,9.0,0.6189749999999999,-0.0599052097486413,0.725,0.5
step32000-tokens142B,10.0,0.5680750000000001,-0.0119773710789701,0.705,0.51
step32000-tokens142B,11.0,0.521875,-0.1522251676278285,0.93,0.245
step32000-tokens142B,12.0,0.563075,-0.1094621408056786,0.9,0.31000000000000005
step32000-tokens142B,13.0,0.48982499999999995,-0.0699377725290697,0.81,0.31000000000000005
step32000-tokens142B,14.0,0.4446,-0.06389848312529,0.805,0.27
step32000-tokens142B,15.0,0.41715,-0.2166418588934338,0.945,0.12
step32000-tokens142B,16.0,0.45245,-0.1126912434895833,0.8,0.27
step32000-tokens142B,17.0,0.469325,-0.4747720759282103,0.975,0.08499999999999996
step32000-tokens142B,18.0,0.40592500000000004,-0.4027684027027235,0.975,0.06000000000000005
step32000-tokens142B,19.0,0.4274,-0.311090087890625,0.96,0.07499999999999996
step32000-tokens142B,20.0,0.36922499999999997,-0.2704804457627333,0.92,0.10499999999999998
step32000-tokens142B,21.0,0.391775,-0.2627494380159198,0.93,0.08999999999999997
step32000-tokens142B,22.0,0.596,-0.2996290399787131,0.825,0.36
step32000-tokens142B,23.0,0.66095,-0.4103357545745759,0.855,0.45999999999999996
step32000-tokens142B,24.0,0.666825,-0.4805524553571428,0.9,0.37
step32000-tokens142B,25.0,0.648225,-0.3213428507940351,0.68,0.5900000000000001
step32000-tokens142B,26.0,0.6997000000000001,-0.3462185329861111,0.77,0.585
step32000-tokens142B,27.0,0.733525,-0.1844815340909091,0.68,0.725
step32000-tokens142B,28.0,0.7094,-0.3456464494977678,0.795,0.585
step32000-tokens142B,29.0,0.7113750000000001,-0.2995047590851244,0.85,0.5549999999999999
step32000-tokens142B,30.0,0.6875749999999998,-0.2205213685401062,0.825,0.54
step32000-tokens142B,31.0,0.6745,-0.2966310501098633,0.69,0.625
step33000-tokens146B,1.0,0.669525,-0.0146104885359941,0.6,0.725
step33000-tokens146B,2.0,0.41435,5.976456925675675,0.15,0.945
step33000-tokens146B,3.0,0.439625,1.3384915865384617,0.145,0.96
step33000-tokens146B,4.0,0.39575,0.8611961570945946,0.135,0.975
step33000-tokens146B,5.0,0.390525,1.7207706503199236,0.0,1.0
step33000-tokens146B,6.0,0.4709,0.3437894185384114,0.97,0.16000000000000003
step33000-tokens146B,7.0,0.485925,0.1686604817708333,0.875,0.255
step33000-tokens146B,8.0,0.44804999999999995,-0.0575243079144021,0.975,0.14
step33000-tokens146B,9.0,0.48775,0.02716064453125,0.805,0.31499999999999995
step33000-tokens146B,10.0,0.477875,-0.12138671875,0.955,0.16000000000000003
step33000-tokens146B,11.0,0.415375,-0.2053879957932692,0.97,0.12
step33000-tokens146B,12.0,0.42042500000000005,-0.0948046003069196,0.865,0.18500000000000005
step33000-tokens146B,13.0,0.36885,-0.23505859375,0.985,0.05500000000000005
step33000-tokens146B,14.0,0.41945000000000005,-0.0530105413392532,0.81,0.255
step33000-tokens146B,15.0,0.38464999999999994,-0.0801568800403225,0.84,0.18500000000000005
step33000-tokens146B,16.0,0.40445,-0.1415612316486117,0.895,0.16500000000000004
step33000-tokens146B,17.0,0.375075,-0.2836989505583469,0.95,0.15000000000000002
step33000-tokens146B,18.0,0.31729999999999997,-0.3877657209123883,0.99,0.025000000000000022
step33000-tokens146B,19.0,0.3316,2.0325469970703125,0.0,1.0
step33000-tokens146B,20.0,0.27797499999999997,2.116748046875,0.0,1.0
step33000-tokens146B,21.0,0.32504999999999995,2.3575654871323533,0.0,1.0
step33000-tokens146B,22.0,0.4171,1.425993546195652,0.005,1.0
step33000-tokens146B,23.0,0.357725,2.5656494140625,0.0,1.0
step33000-tokens146B,24.0,0.33099999999999996,2.630668308423913,0.0,1.0
step33000-tokens146B,25.0,0.25715,2.6583225416100547,0.0,1.0
step33000-tokens146B,26.0,0.305925,2.7959196671195654,0.0,1.0
step33000-tokens146B,27.0,0.3188,1.9348671352314109,0.005,1.0
step33000-tokens146B,28.0,0.35745,1.1003635951450892,0.125,0.91
step33000-tokens146B,29.0,0.38854999999999995,3.147588315217391,0.0,1.0
step33000-tokens146B,30.0,0.40515,-0.2917988149650035,0.995,0.010000000000000009
step33000-tokens146B,31.0,0.39404999999999996,1.406225794689663,0.11,0.895
step34000-tokens150B,1.0,0.5199750000000001,-0.0312607462813214,0.655,0.45499999999999996
step34000-tokens150B,2.0,0.5162249999999999,-0.0158112452580378,0.43,0.71
step34000-tokens150B,3.0,0.42702500000000004,2.688779633620689,0.125,0.97
step34000-tokens150B,4.0,0.547875,-0.1425251538240456,0.935,0.265
step34000-tokens150B,5.0,0.45127500000000004,0.150317347326944,0.975,0.05500000000000005
step34000-tokens150B,6.0,0.5982500000000001,0.331737293061756,0.59,0.585
step34000-tokens150B,7.0,0.5514749999999999,-0.0014678955078125,0.885,0.24
step34000-tokens150B,8.0,0.49512500000000004,-0.077484760610157,0.94,0.125
step34000-tokens150B,9.0,0.46659999999999996,-0.2053426106770833,0.945,0.11499999999999999
step34000-tokens150B,10.0,0.45904999999999996,-0.1605371768379573,0.945,0.15000000000000002
step34000-tokens150B,11.0,0.405725,-0.2695429283275939,0.96,0.125
step34000-tokens150B,12.0,0.418525,-0.257175174112338,0.945,0.125
step34000-tokens150B,13.0,0.42215,-0.1776598871281716,0.78,0.22999999999999998
step34000-tokens150B,14.0,0.432275,-0.5589973371053479,0.96,0.08999999999999997
step34000-tokens150B,15.0,0.439875,-0.4352466756976307,0.955,0.10999999999999999
step34000-tokens150B,16.0,0.445,-0.5730294139114852,0.96,0.10499999999999998
step34000-tokens150B,17.0,0.43634999999999996,-0.6164689905503217,0.965,0.125
step34000-tokens150B,18.0,0.40052499999999996,-0.5263007114607975,0.96,0.10499999999999998
step34000-tokens150B,19.0,0.38202499999999995,-0.3225590459901283,0.93,0.15000000000000002
step34000-tokens150B,20.0,0.324075,1.88134765625,0.0,1.0
step34000-tokens150B,21.0,0.45955,0.1108426067316643,0.69,0.395
step34000-tokens150B,22.0,0.58115,-0.5674166019432261,0.915,0.25
step34000-tokens150B,23.0,0.59895,-0.050557177524512,0.525,0.65
step34000-tokens150B,24.0,0.6068500000000001,-0.0537684873618123,0.52,0.7
step34000-tokens150B,25.0,0.5546000000000001,-0.9017453319914714,0.93,0.19499999999999995
step34000-tokens150B,26.0,0.5883749999999999,-0.1189013277546743,0.53,0.665
step34000-tokens150B,27.0,0.626525,0.0636393229166666,0.385,0.825
step34000-tokens150B,28.0,0.6373000000000001,-0.2229721337033991,0.475,0.75
step34000-tokens150B,29.0,0.6335,-0.2895937965029762,0.61,0.62
step34000-tokens150B,30.0,0.73175,-0.5524818420410156,0.78,0.61
step34000-tokens150B,31.0,0.6616500000000001,-0.4208847898874223,0.49,0.775
step35000-tokens155B,1.0,0.5408000000000001,-0.0338077654157366,0.73,0.405
step35000-tokens155B,2.0,0.5919,-0.054557851937384,0.385,0.895
step35000-tokens155B,3.0,0.453,1.3815511067708333,0.13,0.96
step35000-tokens155B,4.0,0.40125,-0.2713004664370888,0.9,0.14500000000000002
step35000-tokens155B,5.0,0.29630000000000006,1.8208062648773193,0.0,1.0
step35000-tokens155B,6.0,0.283775,-0.3309613741361178,0.995,0.010000000000000009
step35000-tokens155B,7.0,0.353,-0.2549436382732097,0.89,0.14500000000000002
step35000-tokens155B,8.0,0.42705,-0.4003145490373884,0.975,0.09999999999999998
step35000-tokens155B,9.0,0.468925,-0.3924257527550294,0.975,0.125
step35000-tokens155B,10.0,0.49467500000000003,-0.3025084782256754,0.95,0.19499999999999995
step35000-tokens155B,11.0,0.46855,-0.112826665242513,0.9,0.25
step35000-tokens155B,12.0,0.500925,-0.2778132512019231,0.95,0.18500000000000005
step35000-tokens155B,13.0,0.44899999999999995,-0.2980496293155306,0.96,0.15000000000000002
step35000-tokens155B,14.0,0.40505,-0.2424053192138671,0.915,0.16000000000000003
step35000-tokens155B,15.0,0.355,-0.2692733371959013,0.955,0.10999999999999999
step35000-tokens155B,16.0,0.36372499999999997,-0.345413202838846,0.99,0.09999999999999998
step35000-tokens155B,17.0,0.34814999999999996,-0.3875039236886161,0.99,0.09499999999999997
step35000-tokens155B,18.0,0.32592499999999996,-0.328489109752624,0.975,0.09499999999999997
step35000-tokens155B,19.0,0.35067500000000007,-0.3237413678850446,0.96,0.06999999999999995
step35000-tokens155B,20.0,0.269825,1.034454345703125,0.005,1.0
step35000-tokens155B,21.0,0.35907500000000003,-0.1476497060244845,0.92,0.10499999999999998
step35000-tokens155B,22.0,0.390625,-0.587234117434575,1.0,0.08999999999999997
step35000-tokens155B,23.0,0.39095,-0.5324437951528898,0.975,0.10499999999999998
step35000-tokens155B,24.0,0.369725,-0.4873852999705189,0.98,0.08999999999999997
step35000-tokens155B,25.0,0.35669999999999996,-0.3413488999852594,0.945,0.10999999999999999
step35000-tokens155B,26.0,0.36415,-0.3318491790254237,0.98,0.06499999999999995
step35000-tokens155B,27.0,0.392675,-0.2887073863636363,0.96,0.08499999999999996
step35000-tokens155B,28.0,0.35622499999999996,-0.3772452218191964,0.97,0.04500000000000004
step35000-tokens155B,29.0,0.406675,-0.1448087020659111,0.91,0.13
step35000-tokens155B,30.0,0.452175,-0.0834315708705357,0.895,0.16500000000000004
step35000-tokens155B,31.0,0.43672500000000003,-0.4829532120578972,0.925,0.09499999999999997
step36000-tokens159B,1.0,0.4403625,6.409735130111524,0.28,0.855
step36000-tokens159B,2.0,0.612925,-2.8742611533717106,0.225,0.985
step36000-tokens159B,3.0,0.4626,-0.0990085975796568,0.875,0.22499999999999998
step36000-tokens159B,4.0,0.56995,-0.7319584057248872,0.69,0.48
step36000-tokens159B,5.0,0.21985000000000005,-0.2534916469029017,0.975,0.050000000000000044
step36000-tokens159B,6.0,0.335625,0.1949069129583887,0.99,0.08499999999999996
step36000-tokens159B,7.0,0.38832500000000003,-0.1221964518229166,0.98,0.10499999999999998
step36000-tokens159B,8.0,0.50125,-0.0656022571382068,0.695,0.42000000000000004
step36000-tokens159B,9.0,0.5504249999999999,-0.2185025758381131,0.75,0.41000000000000003
step36000-tokens159B,10.0,0.5552999999999999,-0.3753906309488456,0.975,0.17500000000000004
step36000-tokens159B,11.0,0.5290750000000001,-0.2446969522012246,0.85,0.28500000000000003
step36000-tokens159B,12.0,0.5824750000000001,-0.1784104567307692,0.795,0.4
step36000-tokens159B,13.0,0.5583250000000001,-0.2584245011613175,0.745,0.39
step36000-tokens159B,14.0,0.5472250000000001,-0.1730628380408654,0.68,0.45499999999999996
step36000-tokens159B,15.0,0.4953249999999999,-0.328172940039352,0.97,0.12
step36000-tokens159B,16.0,0.53395,-0.1715528700086805,0.665,0.485
step36000-tokens159B,17.0,0.564325,-0.2249383290608723,0.78,0.41500000000000004
step36000-tokens159B,18.0,0.5232749999999999,-0.1714254927961793,0.65,0.47
step36000-tokens159B,19.0,0.561375,-0.2502527069627193,0.825,0.365
step36000-tokens159B,20.0,0.45890000000000003,0.3291623345736799,0.035,0.98
step36000-tokens159B,21.0,0.56845,-0.2206915360462816,0.87,0.32999999999999996
step36000-tokens159B,22.0,0.611025,-0.4134657118055556,0.84,0.365
step36000-tokens159B,23.0,0.566425,-0.06942626953125,0.355,0.785
step36000-tokens159B,24.0,0.551825,-0.032330830891927,0.32,0.795
step36000-tokens159B,25.0,0.499725,-0.2135656020220588,0.65,0.41500000000000004
step36000-tokens159B,26.0,0.5763,0.0047847767568005,0.45,0.71
step36000-tokens159B,27.0,0.5926500000000001,0.023170264991554,0.445,0.72
step36000-tokens159B,28.0,0.47845000000000004,0.5541008843315972,0.05,0.98
step36000-tokens159B,29.0,0.46734999999999993,-0.5115031995271382,0.98,0.05500000000000005
step36000-tokens159B,30.0,0.452225,-0.3437868405694831,0.915,0.10499999999999998
step36000-tokens159B,31.0,0.389575,-0.4110904586649386,0.935,0.08499999999999996
step37000-tokens164B,1.0,0.48748749999999996,6.3073551829268295,0.33,0.855
step37000-tokens164B,2.0,0.600725,-2.6434786436987703,0.24,0.98
step37000-tokens164B,3.0,0.24020000000000002,1.408466403767214,0.0,1.0
step37000-tokens164B,4.0,0.4079499999999999,1.1483692842371322,0.0,1.0
step37000-tokens164B,5.0,0.441825,-0.7026932157319168,0.795,0.21499999999999997
step37000-tokens164B,6.0,0.42847500000000005,1.2224469866071428,0.0,1.0
step37000-tokens164B,7.0,0.4859000000000001,-0.1121265308277027,0.26,0.795
step37000-tokens164B,8.0,0.58105,-0.1084604765239514,0.555,0.625
step37000-tokens164B,9.0,0.5902000000000001,-0.1606392348108213,0.495,0.7150000000000001
step37000-tokens164B,10.0,0.6176999999999999,-0.0136335784313725,0.445,0.775
step37000-tokens164B,11.0,0.595125,-0.0337584359305245,0.48,0.73
step37000-tokens164B,12.0,0.615075,-0.0770941840277777,0.545,0.665
step37000-tokens164B,13.0,0.602075,-0.1581979912018107,0.695,0.52
step37000-tokens164B,14.0,0.591425,-0.0986589406991933,0.615,0.5900000000000001
step37000-tokens164B,15.0,0.525425,-0.357841372722306,0.935,0.18500000000000005
step37000-tokens164B,16.0,0.5523,-0.3846204804211128,0.95,0.16000000000000003
step37000-tokens164B,17.0,0.5602,-0.4051963328410371,0.92,0.22999999999999998
step37000-tokens164B,18.0,0.4724,-0.3006858288402289,0.94,0.18000000000000005
step37000-tokens164B,19.0,0.510575,-0.3176771397927436,0.89,0.25
step37000-tokens164B,20.0,0.4424,-0.0416608547495904,0.765,0.27
step37000-tokens164B,21.0,0.3868,2.08824462890625,0.0,1.0
step37000-tokens164B,22.0,0.502475,-0.3357051695832527,0.93,0.16000000000000003
step37000-tokens164B,23.0,0.4093,-0.4290839950759689,0.975,0.07999999999999996
step37000-tokens164B,24.0,0.35355000000000003,-0.3234844501201923,0.955,0.07499999999999996
step37000-tokens164B,25.0,0.30089999999999995,-0.1788537367334905,0.92,0.08499999999999996
step37000-tokens164B,26.0,0.320875,-0.3153929161668784,0.975,0.030000000000000027
step37000-tokens164B,27.0,0.344,2.335611979166667,0.0,1.0
step37000-tokens164B,28.0,0.24439999999999998,2.531955295138889,0.0,1.0
step37000-tokens164B,29.0,0.27407499999999996,2.58876953125,0.0,1.0
step37000-tokens164B,30.0,0.27640000000000003,2.763825988769531,0.0,1.0
step37000-tokens164B,31.0,0.276975,2.9726236979166667,0.0,1.0
step7000-tokens31B,1.0,0.428725,2.8937579180743245,0.0,1.0
step7000-tokens31B,2.0,0.53275,-0.2432879515845709,0.26,0.855
step7000-tokens31B,3.0,0.532775,-0.9557690051717496,0.815,0.32999999999999996
step7000-tokens31B,4.0,0.633525,-0.4554410807291666,0.855,0.43500000000000005
step7000-tokens31B,5.0,0.6021,-0.4452930116958455,0.785,0.38
step7000-tokens31B,6.0,0.6189250000000001,-0.2886177516374432,0.855,0.36
step7000-tokens31B,7.0,0.638725,-0.9150732421875,0.95,0.25
step7000-tokens31B,8.0,0.6753999999999999,-0.690463703908738,0.855,0.43000000000000005
step7000-tokens31B,9.0,0.706725,-0.7334327028508771,0.94,0.385
step7000-tokens31B,10.0,0.6736,-0.9441443271324282,0.96,0.29000000000000004
step7000-tokens31B,11.0,0.6868750000000001,0.1522725686714027,0.525,0.8049999999999999
step7000-tokens31B,12.0,0.66945,-0.6385299682617187,0.89,0.385
step7000-tokens31B,13.0,0.65995,0.1160357586749188,0.49,0.77
step7000-tokens31B,14.0,0.66625,-0.5523798939459487,0.865,0.41500000000000004
step7000-tokens31B,15.0,0.6805499999999999,-0.4173822817595108,0.845,0.505
step7000-tokens31B,16.0,0.6293249999999999,-0.3963618297057393,0.79,0.5
step7000-tokens31B,17.0,0.6053499999999999,-0.6918806109512061,0.88,0.405
step7000-tokens31B,18.0,0.564025,0.0758867406133395,0.675,0.56
step7000-tokens31B,19.0,0.529725,-0.1714490525265957,0.815,0.32999999999999996
step7000-tokens31B,20.0,0.44530000000000003,-0.1303049723307291,0.78,0.265
step7000-tokens31B,21.0,0.426925,-0.78642578125,0.955,0.08499999999999996
step7000-tokens31B,22.0,0.3797,-1.1674936655405406,0.975,0.050000000000000044
step7000-tokens31B,23.0,0.3741,-1.1309988839285714,0.965,0.05500000000000005
step7000-tokens31B,24.0,0.3852,4.467936197916666,0.0,1.0
step7000-tokens31B,25.0,0.38895,-1.0937906901041667,0.925,0.08499999999999996
step7000-tokens31B,26.0,0.4433,0.3144419885450794,0.645,0.39
step7000-tokens31B,27.0,0.49197500000000005,0.0087927456559806,0.715,0.355
step7000-tokens31B,28.0,0.484525,-0.316253477568878,0.8,0.31499999999999995
step7000-tokens31B,29.0,0.50885,-0.7817416720920138,0.815,0.32499999999999996
step7000-tokens31B,30.0,0.49362500000000004,-0.5426340285380176,0.705,0.39
step7000-tokens31B,31.0,0.49817500000000003,-5.030423677884615,0.995,0.08999999999999997
step9000-tokens40B,1.0,0.422325,2.1933770744721475,0.0,1.0
step9000-tokens40B,2.0,0.4893250000000001,-0.0068359375,0.435,0.62
step9000-tokens40B,3.0,0.49917500000000004,0.2442615788157393,0.325,0.755
step9000-tokens40B,4.0,0.326325,3.7580180921052637,0.0,1.0
step9000-tokens40B,5.0,0.340275,-1.050431414348323,0.965,0.04500000000000004
step9000-tokens40B,6.0,0.325025,-1.1325843685963115,1.0,0.015000000000000013
step9000-tokens40B,7.0,0.3218,-1.1064107259114584,1.0,0.015000000000000013
step9000-tokens40B,8.0,0.3454125,4.044819078947368,0.0,1.0
step9000-tokens40B,9.0,0.3991,-0.83377685546875,0.965,0.05500000000000005
step9000-tokens40B,10.0,0.42627499999999996,-0.5987601902173914,0.945,0.13
step9000-tokens40B,11.0,0.4214,-0.642268825221706,0.94,0.15500000000000003
step9000-tokens40B,12.0,0.42574999999999996,-0.6835219439338235,0.975,0.08999999999999997
step9000-tokens40B,13.0,0.43729999999999997,-0.3649678714033486,0.85,0.29500000000000004
step9000-tokens40B,14.0,0.45635000000000003,-0.9050971137152778,0.97,0.14500000000000002
step9000-tokens40B,15.0,0.5338750000000001,0.0002659990743625,0.56,0.54
step9000-tokens40B,16.0,0.540675,0.1216041714537377,0.455,0.665
step9000-tokens40B,17.0,0.551025,-0.9675820840371622,0.885,0.235
step9000-tokens40B,18.0,0.5623750000000001,0.1546519886363636,0.355,0.795
step9000-tokens40B,19.0,0.500475,-0.9900663301542209,0.965,0.11499999999999999
step9000-tokens40B,20.0,0.39722499999999994,2.2862998560855265,0.0,1.0
step9000-tokens40B,21.0,0.3085,-0.8862229384385146,0.935,0.07499999999999996
step9000-tokens40B,22.0,0.30827499999999997,-1.8502736646075584,1.0,0.0050000000000000044
step9000-tokens40B,23.0,0.315975,-1.5411604661207932,0.99,0.030000000000000027
step9000-tokens40B,24.0,0.349175,-0.8632669820413961,0.94,0.13
step9000-tokens40B,25.0,0.393325,-0.6542630130297518,0.935,0.14500000000000002
step9000-tokens40B,26.0,0.40399999999999997,-0.4788420736207247,0.925,0.20999999999999996
step9000-tokens40B,27.0,0.417925,-1.115327909395292,0.98,0.10499999999999998
step9000-tokens40B,28.0,0.424925,-1.22221923828125,0.965,0.15500000000000003
step9000-tokens40B,29.0,0.476125,-1.8655503216911764,0.99,0.14500000000000002
step9000-tokens40B,30.0,0.3971,-1.6457150709182822,0.96,0.15500000000000003
step9000-tokens40B,31.0,0.359925,-4.542530293367347,0.98,0.125
